<keymap version="1" name="VSCode (macOS) copy" parent="VSCode OSX">
  <action id="ActivateTerminalToolWindow">
    <keyboard-shortcut first-keystroke="ctrl back_quote" />
    <keyboard-shortcut first-keystroke="meta j" />
  </action>
  <action id="ChangesView.ShelveSilently" />
  <action id="EditorLineEnd">
    <keyboard-shortcut first-keystroke="meta right" />
    <keyboard-shortcut first-keystroke="end" />
  </action>
  <action id="HideActiveWindow">
    <keyboard-shortcut first-keystroke="shift meta h" />
  </action>
  <action id="MaximizeToolWindow">
    <keyboard-shortcut first-keystroke="shift meta quote" />
    <keyboard-shortcut first-keystroke="shift meta j" />
  </action>
  <action id="NextProjectWindow" />
  <action id="NextTab">
    <keyboard-shortcut first-keystroke="meta alt right" />
    <keyboard-shortcut first-keystroke="ctrl e" />
  </action>
  <action id="PreviousTab">
    <keyboard-shortcut first-keystroke="meta alt left" />
    <keyboard-shortcut first-keystroke="ctrl w" />
  </action>
  <action id="ReplaceInPath" />
  <action id="Run">
    <keyboard-shortcut first-keystroke="ctrl f5" />
    <keyboard-shortcut first-keystroke="shift meta r" />
  </action>
  <action id="UsageFiltering.WriteAccess" />
  <action id="copilot.disposeInlays" />
</keymap>